{
    "materials":[{
        "blending":"NormalBlending",
        "DbgName":"MAT003015V1-Appl",
        "transparent":false,
        "shading":"phong",
        "mapDiffuse":"madera clara5 (2).jpg",
        "mapDiffuseWrap":["RepeatWrapping","RepeatWrapping"],
        "opacity":1,
        "DbgIndex":0,
        "mapDiffuseRepeat":[1,1],
        "visible":true,
        "colorEmissive":[0,0,0],
        "DbgColor":15658734,
        "wireframe":false,
        "specularCoef":50,
        "mapDiffuseAnisotropy":1,
        "colorSpecular":[0.431373,0.431373,0.431373],
        "depthWrite":true,
        "colorDiffuse":[0.752941,0.746667,0.727843],
        "depthTest":true
    }],
    "uvs":[[0.974385,0.033109,0.963241,0.033109,0.963241,0,0.974385,0,0.528191,0.541552,0.528191,0.818556,0.517046,0.818556,0.517046,0.541552,0.99617,0,0.99617,0.033118,0.985025,0.033118,0.592507,0.541552,0.592507,0.574669,0.581362,0.574669,0.539335,0.541552,0.539335,0.818556,0.528191,0.818556,0.550479,0.541552,0.550479,0.818556,0.539335,0.818556,0.201964,0.488413,0.201964,0.765417,0.168183,0.765417,0.168183,0.767477,0.134651,0.492517,0.168183,0.488413,0.41013,0.570581,0.41013,0.582189,0.401333,0.582189,0.401333,0.570581,0.482803,0.573707,0.474006,0.573707,0.474006,0.561497,0.482803,0.561497,0.482803,0.573707,0.482803,0.561497,0.4916,0.561497,0.4916,0.573707,0.498606,0.576071,0.4916,0.570743,0.498606,0.561497,0.418927,0.573105,0.41013,0.573105,0.41013,0.561497,0.418927,0.582189,0.41013,0.582189,0.41013,0.561497,0.401333,0.561497,0.392536,0.570581,0.401333,0.570581,0.401333,0.582189,0.392536,0.582189,0.383739,0.582189,0.383739,0.570581,0.392536,0.570581,0.401333,0.561497,0.392536,0.561497,0.459739,0.561497,0.459739,0.573707,0.450943,0.573707,0.450943,0.561497,0.383739,0.561497,0.466873,0.576555,0.459739,0.571398,0.466873,0.561497,0.474006,0.576555,0.466873,0.571398,0.101119,0.488413,0.134651,0.492517,0.101119,0.767477,0.426564,0.595554,0.422758,0.561929,0.426564,0.561497,0.383739,0.595554,0.376494,0.585735,0.327024,0.593623,0.318197,0.569917,0.327024,0.561497,0.254895,0.488413,0.254895,0.767477,0.234523,0.742666,0.571068,0.541552,0.571068,0.796622,0.560774,0.790084,0.327024,0.567602,0.337581,0.561497,0.337581,0.585918,0.438753,0.582646,0.432659,0.572071,0.438753,0.561497,0.432659,0.582646,0.426564,0.572071,0.432659,0.561497,0.348137,0.567602,0.358693,0.561497,0.358693,0.585918,0.287079,0.596445,0.276519,0.592879,0.287079,0.561497,0.963241,0.510968,0.974385,0.510968,0.974385,0.544086,0.26604,0.966272,0.254895,0.966272,0.254895,0.488413,0.99617,0.510977,0.101119,0.765417,0.06733,0.765417,0.06733,0.488413,0.06733,0.765417,0.03354,0.765417,0.03354,0.767478,0,0.492519,0.03354,0.488413,0.581362,0.796622,0.571068,0.54809,0.581362,0.541552,0.234523,0.488413,0.234523,0.767478,0.214144,0.513226,0.318197,0.561497,0.318197,0.593629,0.309368,0.585211,0.376494,0.595563,0.369249,0.571316,0.376494,0.561497,0.422758,0.561497,0.422758,0.595346,0.418927,0.561497,0.444848,0.582646,0.438753,0.572071,0.444848,0.561497,0.348137,0.561497,0.348137,0.585918,0.337581,0.579813,0.517046,0.561497,0.276519,0.424842,0.517046,0,0.276519,0.488413,0,0.488413,0,0,0.560774,0.796622,0.550479,0.790084,0.560774,0.541552,0.746487,0.541552,0.517046,0.430951,0.746487,0,0.985025,0.547404,0.974385,0.541447,0.985025,0,0.963241,0.547404,0.746487,0.426049,0.996145,1,0.990585,0.989134,0.996145,0.510977,0.990585,0.510977,0.990585,1,0.985025,0.989134,0.214144,0.488413,0.214144,0.966602,0.201964,0.966135,1,0.477942,0.99617,0.477862,1,0,0.272217,0.976841,0.26604,0.498939,0.272217,0.488413,0.272217,0.976826,0.272222,0.488413,0.276048,0.976826,0.450943,0.582646,0.444848,0.572071,0.369249,0.561497,0.369249,0.585918,0.358693,0.579813,0.298224,0.594606,0.287079,0.594606,0.309368,0.594606,0.298224,0.561497]],
    "name":"model.004Geometry.2",
    "normals":[1,0,-0,1,0,-0,-0,0,-1,0,-0,-1,-1,0,-0,-1,0,-0,0,-4e-06,1,0,0,1,0,1,-0,0,1,-0,-0.866025,0,0.500001,-0.866025,-0,0.500001,0,0,-1,-0,-0,1,0,0,1,0.866025,0,0.500001,0.866025,0,0.500001,0.866025,0,-0.5,0.866025,-0,-0.5,-0.866025,0,-0.500001,0.866024,0,0.500002,0.866024,0,0.500002,-0.866024,0,0.500002,-0.866024,-0,0.500002,0.866026,0,-0.499999,0.866026,-0,-0.499999,-0.866025,0,-0.5,-0.866025,0,-0.5,-0,0,1,-0,-1,0,0,-1,0,-0,-1,0,-0,-1,0,-0,-1,0,-0,-1,0,-0,-1,0,0,-1,-0,0,-1,-0,-0,-1,-0,1,-0,-0,-1,-0,0,-0,1,-0,-0,1,-0,0,-1,0,0,-1,0,0,-1,0,0,-1,0,0,-1,0,0,-1,0,0,-1,-0,-0,-1,0,-0,1,-0,0,1,-0,0,-1,-0,0,-1,0,0,-1,0,-0,-1,0,0,-1,0,-0,-1,0,-0,-1,0,0,-1,0,0,-1,0,0,-1,0,0,-1,-0,0,-1,0,-1,0,0],
    "faces":[42,37,38,3,0,0,1,2,0,0,0,42,3,0,37,0,2,3,0,1,1,1,42,1,4,5,0,4,5,6,2,2,2,42,5,2,1,0,6,7,4,3,3,3,42,40,35,33,0,8,9,10,4,4,4,42,33,41,42,0,11,12,13,5,5,5,42,6,43,44,0,14,15,16,6,6,6,42,45,7,6,0,17,18,19,7,7,7,42,46,36,47,0,20,21,22,8,8,8,42,48,49,50,0,23,24,25,9,9,9,42,18,19,13,0,26,27,28,10,10,10,42,13,8,18,0,28,29,26,11,11,11,42,17,9,10,0,30,31,32,2,2,2,42,10,16,17,0,32,33,30,12,12,12,42,12,13,19,0,34,35,36,13,13,13,42,19,14,12,0,36,37,34,14,14,14,42,51,52,15,0,38,39,40,15,15,15,42,15,11,53,0,41,42,43,16,16,16,42,11,15,16,0,42,41,44,17,17,17,42,16,10,11,0,44,45,42,18,18,18,42,17,18,8,0,46,26,29,19,19,19,42,8,9,17,0,29,47,46,19,19,19,42,31,23,24,0,48,49,50,20,20,20,42,24,30,31,0,50,51,48,21,21,21,42,29,25,20,0,51,52,53,22,22,22,42,20,28,29,0,53,54,51,23,23,23,42,22,23,31,0,55,49,48,24,24,24,42,31,26,22,0,48,56,55,25,25,25,42,21,22,26,0,57,58,59,2,2,2,42,26,27,21,0,59,60,57,3,3,3,42,20,21,27,0,53,61,56,26,26,26,42,27,28,20,0,56,54,53,27,27,27,42,54,55,25,0,62,63,64,28,28,28,42,25,29,56,0,65,66,32,14,14,14,42,57,58,59,0,67,68,69,29,29,29,42,60,39,61,0,70,71,72,30,30,30,42,62,63,64,0,61,73,74,31,31,31,42,65,66,67,0,75,76,77,32,32,32,42,68,69,70,0,78,79,80,33,33,33,42,71,72,73,0,81,82,83,34,34,34,42,74,75,76,0,84,85,86,35,35,35,42,77,78,79,0,87,88,89,36,36,36,42,80,81,82,0,90,91,92,37,37,37,42,83,84,85,0,93,94,95,38,38,38,42,86,87,32,0,96,97,98,1,1,1,42,32,34,88,0,99,100,101,39,39,39,42,89,90,33,0,102,103,104,40,40,40,42,33,35,91,0,10,9,105,4,4,4,42,92,93,94,0,67,106,107,41,41,41,42,95,96,97,0,108,109,110,42,42,42,42,98,99,100,0,111,112,113,43,43,43,42,101,102,103,0,114,115,116,44,44,44,42,104,105,106,0,117,118,119,45,45,45,42,107,108,109,0,120,121,122,46,46,46,42,110,111,112,0,123,124,125,47,47,47,42,113,114,115,0,126,127,128,48,48,48,42,116,117,118,0,129,130,131,49,49,49,42,119,120,121,0,132,133,134,50,50,50,42,34,32,38,0,100,99,1,1,1,1,42,38,37,34,0,1,0,100,1,1,1,42,122,123,36,0,135,136,137,51,51,51,42,36,124,125,0,138,139,140,52,52,52,42,126,127,128,0,141,142,143,53,53,53,42,129,130,131,0,144,145,146,54,54,54,42,132,133,134,0,147,148,149,55,55,55,42,135,136,137,0,2,150,151,56,56,56,42,138,139,140,0,152,153,154,57,57,57,42,141,142,143,0,155,156,157,58,58,58,42,144,145,146,0,158,159,160,59,59,59,42,147,148,149,0,161,162,163,60,60,60,42,150,151,152,0,164,165,166,61,61,61,42,39,153,154,0,167,168,169,62,62,62,42,155,156,157,0,170,171,60,63,63,63,42,158,159,160,0,172,173,174,64,64,64,42,161,162,163,0,175,176,98,65,65,65,42,164,165,166,0,177,175,178,4,4,4],